
{
	"telemetry": {
		"eva_time": 32,
		"eva1": {
			"batt_time_left": 5077.148926,
			"oxy_pri_storage": 23.755802,
			"oxy_sec_storage": 15.193233,
			"oxy_pri_pressure": 0.000000,
			"oxy_sec_pressure": 455.795532,
			"oxy_time_left": 4206,
			"heart_rate": 90.000000,
			"oxy_consumption": 0.099117,
			"co2_production": 0.096072,
			"suit_pressure_oxy": 3.072328,
			"suit_pressure_co2": 0.001329,
			"suit_pressure_other": 11.554200,
			"suit_pressure_total": 14.627857,
			"fan_pri_rpm": 0.000000,
			"fan_sec_rpm": 30001.000000,
			"helmet_pressure_co2": 0.038503,
			"scrubber_a_co2_storage": 0.000000,
			"scrubber_b_co2_storage": 1.502532,
			"temperature": 72.797485,
			"coolant_ml": 20.508068,
			"coolant_gas_pressure": 0.000000,
			"coolant_liquid_pressure": 114.841225
		},
		"eva2": {
			"batt_time_left": 3384.893799,
			"oxy_pri_storage": 24.231962,
			"oxy_sec_storage": 19.122839,
			"oxy_pri_pressure": 0.003148,
			"oxy_sec_pressure": 573.680237,
			"oxy_time_left": 4682,
			"heart_rate": 90.000000,
			"oxy_consumption": 0.101409,
			"co2_production": 0.101367,
			"suit_pressure_oxy": 3.072338,
			"suit_pressure_cO2": 0.001482,
			"suit_pressure_other": 11.554200,
			"suit_pressure_total": 14.628020,
			"fan_pri_rpm": 0.000000,
			"fan_sec_rpm": 30001.000000,
			"helmet_pressure_co2": 0.038270,
			"scrubber_a_co2_storage": 0.000000,
			"scrubber_b_co2_storage": 1.463090,
			"temperature": 78.585846,
			"coolant_ml": 22.034748,
			"coolant_gas_pressure": 0.000000,
			"coolant_liquid_pressure": 133.201477
		}
	}
}