
{
	"telemetry": {
		"eva_time": 3173,
		"eva1": {
			"batt_time_left": 5077.148926,
			"oxy_pri_storage": 23.755802,
			"oxy_sec_storage": 0.000000,
			"oxy_pri_pressure": 0.003779,
			"oxy_sec_pressure": 0.000000,
			"oxy_time_left": 2565,
			"heart_rate": 90.000000,
			"oxy_consumption": 0.097667,
			"co2_production": 0.092109,
			"suit_pressure_oxy": 3.072391,
			"suit_pressure_co2": 1.950268,
			"suit_pressure_other": 11.554200,
			"suit_pressure_total": 16.576859,
			"fan_pri_rpm": 0.000000,
			"fan_sec_rpm": 30001.000000,
			"helmet_pressure_co2": 1.814535,
			"scrubber_a_co2_storage": 0.000000,
			"scrubber_b_co2_storage": 100.095428,
			"temperature": 72.844559,
			"coolant_ml": 20.508068,
			"coolant_gas_pressure": 0.000000,
			"coolant_liquid_pressure": 114.915482
		},
		"eva2": {
			"batt_time_left": 3384.893799,
			"oxy_pri_storage": 24.231962,
			"oxy_sec_storage": 0.000000,
			"oxy_pri_pressure": 0.003721,
			"oxy_sec_pressure": 0.000000,
			"oxy_time_left": 2617,
			"heart_rate": 90.000000,
			"oxy_consumption": 0.092070,
			"co2_production": 0.094376,
			"suit_pressure_oxy": 3.072371,
			"suit_pressure_cO2": 1.950094,
			"suit_pressure_other": 11.554200,
			"suit_pressure_total": 16.576664,
			"fan_pri_rpm": 0.000000,
			"fan_sec_rpm": 30001.000000,
			"helmet_pressure_co2": 1.815094,
			"scrubber_a_co2_storage": 0.000000,
			"scrubber_b_co2_storage": 100.080620,
			"temperature": 77.745827,
			"coolant_ml": 22.034748,
			"coolant_gas_pressure": 0.000000,
			"coolant_liquid_pressure": 131.777679
		}
	}
}